sha256	bytes	stored_path	supplied_path
7dbbcc8391d05d36aeba4247489c916fcbcefe9fde866238a9ef93a58cf5c081	45601	SWAT_ICS_Architecture.pdf	/Users/reza/Downloads/SWAT_ICS_Architecture.pdf
d012837fa026a46341a54c4d423984471e6f87b8ba3579718ef42a2b3317621c	31002	SWaT_Attack_Taxonomy.pdf	/Users/reza/Downloads/SWaT_Attack_Taxonomy.pdf
0ba62c195e735005f4913780b13626395f993e08d7a5e138b8e211b7f601f033	74957	SWaT_collection_campaign.pdf	/Users/reza/Downloads/SWaT_collection_campaign.pdf
a3fd46e2d2605a96be3ad50c90a5a91e38a3cac55721d41de8665fab2f592015	191760	screenshots/01-report-fig-5.1-detection-overlay.png	/var/folders/k8/ytl53b8j78j7pwpdf_mh2c6m0000gn/T/codex-clipboard-c243671e-2e25-4583-8496-823b5371374a.png
5ad51c88ee86f25e5461997ae74a014be7139224ded53c41626dc63e08927efa	91876	screenshots/02-report-figs-5.2-5.3-training-losses.png	/var/folders/k8/ytl53b8j78j7pwpdf_mh2c6m0000gn/T/codex-clipboard-8e0261fe-a6aa-4a55-82c9-293d8f15ff20.png
49e375670e4fb0e3501d51a4fc862f39459d6efa49ae7bce621d5d8ebc6aca24	45066	screenshots/03-report-fig-5.4-latent-critic-loss.png	/var/folders/k8/ytl53b8j78j7pwpdf_mh2c6m0000gn/T/codex-clipboard-0ccf7a40-3e7a-461c-a5ac-5a338eea7295.png
aabbb98a5936037dba63f1ce4a5403e0d1fe27ff84bf1e2d8ffb80a6f2dff717	208275	screenshots/04-report-fig-4.16-full-trace-overlay.png	/var/folders/k8/ytl53b8j78j7pwpdf_mh2c6m0000gn/T/codex-clipboard-e6243be8-d11a-40e5-b748-7bced7545dcc.png
d3bc526bfbb0b4ea55c1c41457b28ddad528e9c37f1c3e187e987ca099dcf332	124363	screenshots/05-report-fig-4.15-reconstruction.png	/var/folders/k8/ytl53b8j78j7pwpdf_mh2c6m0000gn/T/codex-clipboard-2ef9427b-d866-4cdf-b535-9ce14300c250.png
d9b13da46e15c337828e7ae0b7be7df322f941318090e61817cde70702830ecc	224559	screenshots/06-report-figs-4.2-4.3-preprocessing.png	/var/folders/k8/ytl53b8j78j7pwpdf_mh2c6m0000gn/T/codex-clipboard-43bd6f48-53e1-42da-855b-418573e90260.png
